INSERT INTO User (UserID, Name) VALUES
  ('U001', 'Bob'),
  ('U002', 'Mike'),
  ('U003', 'Ethan'),
  ('U004', 'Olivia'),
  ('U005', 'Jack'),
  ('U006', 'Noah'),
  ('U007', 'Emma'),
  ('U008', 'Rob'),
  ('U009', 'Aiden'),
  ('U010', 'Jose'),
  ('U011', 'Jessie'),
  ('U012', 'Pete'),
  ('U013', 'Joey'),
  ('U014', 'Tyler');

INSERT INTO Song (SongID, Title, ArtistName) VALUES
  ('S001', 'Livin'' on a Prayer', 'Bon Jovi'),
  ('S002', 'You Give Love a Bad Name', 'Bon Jovi'),
  ('S003', 'I Was Made for Lovin'' You', 'Kiss'),
  ('S004', 'Rock and Roll All Nite', 'Kiss'),
  ('S005', 'Endless Love', 'Diana Ross and Lionel Richie'),
  ('S006', 'Three Times a Lady', 'Commodores'),
  ('S007', 'All Star', 'Smash Mouth'),
  ('S008', 'Electric Blue', 'Icehouse'),
  ('S009', 'Walking on Sunshine', 'Katrina and the Waves'),
  ('S010', 'Don''t Go Breaking My Heart', 'Elton John and Kiki Dee'),
  ('S011', 'Wonderwall', 'Oasis'),
  ('S012', 'Since U Been Gone', 'Kelly Clarkson'),
  ('S013', 'Mr. Brightside', 'the Killers'),
  ('S014', 'Umbrella', 'Rihanna and Jay-Z'),
  ('S015', 'Hypnotize', 'The Notorious B.I.G'),
  ('S016', 'I Like It, I Love It', 'Tim McGraw'),
  ('S017', 'Don''t Stop Believin''', 'Journey'),
  ('S018', 'Wheel in the Sky', 'Journey'),
  ('S019', 'Sweet Caroline', 'Neil Diamond'),
  ('S020', 'Stayin'' Alive', 'Bee Gees'),
  ('S021', 'Africa', 'Toto'),
  ('S022', 'Jessie''s Girl', 'Rick Springfield'),
  ('S023', 'Mamma Mia', 'ABBA'),
  ('S024', 'Dancing Queen', 'ABBA'),
  ('S025', 'Hey Jude,', 'The Beatles'),
  ('S026', 'Yellow Submarine', 'The Beatles'),
  ('S027', 'Uptown Girl', 'Billy Joel'),
  ('S028', 'I Got You Babe', 'Sonny & Cher'),
  ('S029', 'Hit the Road Jack', 'Ray Charles'),
  ('S030', 'I Will Survive', 'Gloria Gaynor');

INSERT INTO Contributor (ContributorID, Name) VALUES
  ('C001', 'Jon Bon Jovi'),
  ('C002', 'Richie Sambora'),
  ('C003', 'Desmond Child'),
  ('C004', 'Alec John Such'),
  ('C005', 'Tico Torres'),
  ('C006', 'Paul Stanley'),
  ('C007', 'Vini Poncia'),
  ('C008', 'Gene Simmons'),
  ('C009', 'Diana Ross'),
  ('C010', 'Lionel Richie'),
  ('C011', 'Greg Camp'),
  ('C012', 'Steve Harwell'),
  ('C013', 'Iva Davies'),
  ('C014', 'John Oates'),
  ('C015', 'Kimberley Rew'),
  ('C016', 'Elton John'),
  ('C017', 'Kiki Dee'),
  ('C018', 'Liam Gallagher'),
  ('C019', 'Noel Gallagher'),
  ('C020', 'Kelly Clarkson'),
  ('C021', 'Max Martin'),
  ('C022', 'Brandon Flowers'),
  ('C023', 'Dave Keuning'),
  ('C024', 'Rihanna'),
  ('C025', 'Jay-Z'),
  ('C026', 'Biggie Smalls'),
  ('C027', 'Tim Mcgraw'),
  ('C028', 'Steve Perry'),
  ('C029', 'Jonathan Cain'),
  ('C030', 'Neal Schon'),
  ('C031', 'Neil Diamond'),
  ('C032', 'Barry Gibb'),
  ('C033', 'Robin Gibb'),
  ('C034', 'David Paich'),
  ('C035', 'Rick Springfield'),
  ('C036', 'Anni-Frid Lyngstad'),
  ('C037', 'Benny Andersson'),
  ('C038', 'Lennon-McCartney'),
  ('C039', 'Ringo Starr'),
  ('C040', 'John Lennon'),
  ('C041', 'Billy Joel'),
  ('C042', 'Sonny Bono'),
  ('C043', 'Cher'),
  ('C044', 'Ray Charles'),
  ('C045', 'Percy Mayfield'),
  ('C046', 'Gloria Gaynor'),
  ('C047', 'Freddie Perren');

INSERT INTO KaraokeFile (FileID, SongID, Version) VALUES
  ('F001', 'S001', 'No Vocals'),
  ('F002', 'S002', 'No Vocals'),
  ('F003', 'S003', 'No Vocals'),
  ('F004', 'S004', 'No Vocals'),
  ('F005', 'S005', 'No Vocals'),
  ('F006', 'S005', 'Diana Ross Only'),
  ('F007', 'S005', 'Lionel Richie Only'),
  ('F008', 'S006', 'No Vocals'),
  ('F009', 'S007', 'No Vocals'),
  ('F010', 'S008', 'No Vocals'),
  ('F011', 'S009', 'No Vocals'),
  ('F012', 'S010', 'No Vocals'),
  ('F013', 'S010', 'Elton John Only'),
  ('F014', 'S010', 'Kiki Dee Only'),
  ('F015', 'S011', 'No Vocals'),
  ('F016', 'S012', 'No Vocals'),
  ('F017', 'S013', 'No Vocals'),
  ('F018', 'S014', 'No Vocals'),
  ('F019', 'S014', 'Rihanna Only'),
  ('F020', 'S014', 'Jay-Z Only'),
  ('F021', 'S015', 'No Vocals'),
  ('F022', 'S016', 'No Vocals'),
  ('F023', 'S017', 'No Vocals'),
  ('F024', 'S018', 'No Vocals'),
  ('F025', 'S019', 'No Vocals'),
  ('F026', 'S020', 'No Vocals'),
  ('F027', 'S021', 'No Vocals'),
  ('F028', 'S022', 'No Vocals'),
  ('F029', 'S023', 'No Vocals'),
  ('F030', 'S024', 'No Vocals'),
  ('F031', 'S025', 'No Vocals'),
  ('F032', 'S026', 'No Vocals'),
  ('F033', 'S027', 'No Vocals'),
  ('F034', 'S028', 'No Vocals'),
  ('F035', 'S028', 'Sonny Only'),
  ('F036', 'S028', 'Cher Only'),
  ('F037', 'S029', 'No Vocals'),
  ('F038', 'S030', 'No Vocals');

INSERT INTO Queue (QueueID, Type) VALUES
  ('Q001', 'Free'),
  ('Q002', 'Paid');

INSERT INTO SignUp (UserID, QueueID, FileID, Location, AmountPaid) VALUES
  ('U001', 'Q001', 'F031', 1, 0),
  ('U002', 'Q001', 'F006', 2, 0),
  ('U003', 'Q001', 'F001', 3, 0),
  ('U014', 'Q001', 'F025', 4, 0),
  ('U010', 'Q001', 'F028', 5, 0),
  ('U006', 'Q001', 'F017', 6, 0),
  ('U009', 'Q001', 'F011', 7, 0),
  ('U011', 'Q001', 'F007', 8, 0),
  ('U012', 'Q001', 'F026', 9, 0),
  ('U004', 'Q001', 'F008', 10, 0),
  ('U004', 'Q002', 'F012', 1, 5),
  ('U007', 'Q002', 'F024', 2, 5),
  ('U003', 'Q002', 'F021', 3, 5),
  ('U002', 'Q002', 'F009', 4, 5),
  ('U010', 'Q002', 'F004', 5, 5),
  ('U009', 'Q002', 'F015', 6, 5);

INSERT INTO IsIn (QueueID, FileID) VALUES 
  ('Q001', 'F031'),
  ('Q001', 'F006'),
  ('Q001', 'F001'),
  ('Q001', 'F025'),
  ('Q001', 'F028'),
  ('Q001', 'F017'),
  ('Q001', 'F011'),
  ('Q001', 'F007'),
  ('Q001', 'F026'),
  ('Q001', 'F008'),
  ('Q002', 'F012'),
  ('Q002', 'F024'),
  ('Q002', 'F021'),
  ('Q002', 'F009'),
  ('Q002', 'F004'),
  ('Q002', 'F015');
  
INSERT INTO Contains (SongID, FileID) VALUES
  ('S001', 'F001'),
  ('S002', 'F002'),
  ('S003', 'F003'),
  ('S004', 'F004'),
  ('S005', 'F005'),
  ('S005', 'F006'),
  ('S005', 'F007'),
  ('S006', 'F008'),
  ('S007', 'F009'),
  ('S008', 'F010'),
  ('S009', 'F011'),
  ('S010', 'F012'),
  ('S010', 'F013'),
  ('S010', 'F014'),
  ('S011', 'F015'),
  ('S012', 'F016'),
  ('S013', 'F017'),
  ('S014', 'F018'),
  ('S014', 'F019'),
  ('S014', 'F020'),
  ('S015', 'F021'),
  ('S016', 'F022'),
  ('S017', 'F023'),
  ('S018', 'F024'),
  ('S019', 'F025'),
  ('S020', 'F026'),
  ('S021', 'F027'),
  ('S022', 'F028'),
  ('S023', 'F029'),
  ('S024', 'F030'),
  ('S025', 'F031'),
  ('S026', 'F032'),
  ('S027', 'F033'),
  ('S028', 'F034'),
  ('S028', 'F035'),
  ('S028', 'F036'),
  ('S029', 'F037'),
  ('S030', 'F038');

INSERT INTO Contributes (SongID, ContributorID, ContributorType) VALUES
  ('S001', 'C001', 'Writer, Singer'),
  ('S001', 'C002', 'Writer, Electric Guitarist'),
  ('S001', 'C003', 'Writer'),
  ('S001', 'C004', 'Bass Guitarist'),
  ('S001', 'C005', 'Drums'),
  ('S002', 'C001', 'Writer, Singer'),
  ('S002', 'C002', 'Writer, Electric Guitarist'),
  ('S002', 'C003', 'Writer'),
  ('S002', 'C004', 'Bass Guitarist'),
  ('S002', 'C005', 'Drums'),
  ('S003', 'C003', 'Writer'),
  ('S003', 'C006', 'Writer, Singer, Bass Guitarist'),
  ('S003', 'C007', 'Writer, Synthesizer'),
  ('S003', 'C008', 'Singer'),
  ('S004', 'C006', 'Writer'),
  ('S004', 'C008', 'Writer, Singer'),
  ('S005', 'C009', 'Writer, Singer'), 
  ('S005', 'C010', 'Writer, Singer'),
  ('S006', 'C010', 'Writer, Singer'), 
  ('S007', 'C011', 'Guitarist'), 
  ('S007', 'C012', 'Writer, Singer'),
  ('S008', 'C013', 'Writer, Singer'),
  ('S008', 'C014', 'Writer'),
  ('S009', 'C015', 'Writer, Guitarist'), 
  ('S010', 'C016', 'Writer, Singer'),
  ('S010', 'C017', 'Singer'),
  ('S011', 'C018', 'Singer'),
  ('S011', 'C019', 'Guitarist, Writer'),
  ('S012', 'C020', 'Singer'),
  ('S012', 'C021', 'Writer'),
  ('S013', 'C022', 'Writer, Singer'),
  ('S013', 'C023', 'Writer, Guitarist'),
  ('S014', 'C024', 'Singer'),
  ('S014', 'C025', 'Singer'),
  ('S015', 'C026', 'Singer'),
  ('S016', 'C027', 'Singer'),
  ('S017', 'C028', 'Writer, Singer'), 
  ('S017', 'C029', 'Writer, Keyboard'),
  ('S018', 'C028', 'Singer'),
  ('S018', 'C030', 'Writer, Guitarist'), 
  ('S019', 'C031', 'Writer, Singer, Acoustic Guitarist'),
  ('S020', 'C032', 'Writer, Singer, Guitarist'),
  ('S020', 'C033', 'Writer, Singer'),
  ('S021', 'C034', 'Writer, Singer, Keyboard'),
  ('S022', 'C035', 'Writer, Singer'),
  ('S023', 'C036', 'Singer'),
  ('S023', 'C037', 'Writer, Piano'),
  ('S024', 'C036', 'Singer, Piano'),
  ('S024', 'C037', 'Writer'),
  ('S025', 'C038', 'Writer'),
  ('S025', 'C039', 'Singer, Drums'), 
  ('S025', 'C040', 'Singer, Guitarist'),
  ('S026', 'C038', 'Writer'),
  ('S026', 'C039', 'Singer, Drums'),
  ('S026', 'C040', 'Singer, Guitarist'),
  ('S027', 'C041', 'Writer, Singer'),
  ('S028', 'C042', 'Writer, Singer'), 
  ('S028', 'C043', 'Singer'),
  ('S029', 'C044', 'Singer'),
  ('S029', 'C045', 'Writer'),
  ('S030', 'C046', 'Singer'),
  ('S030', 'C047', 'Writer');